time_sec,distance_mm,range_status,signal_mcps,ambient_mcps,valid,distance_cm,,
0.051,653,0,30,1,0,44.3,,
0.105,656,0,31,1,0,44.6,,
0.174,658,0,19,0,0,44.8,,
0.244,661,0,19,0,0,45.1,,
0.314,664,0,15,0,0,45.4,,
0.384,660,0,19,0,0,45,,
0.453,659,0,19,0,0,44.9,,
0.523,664,0,15,0,0,45.4,,
0.593,665,0,15,0,0,45.5,,
0.662,661,0,19,0,0,45.1,,
0.732,655,0,19,0,0,44.5,,
0.802,655,0,19,0,0,44.5,,
0.871,657,0,15,0,0,44.7,,
0.941,656,0,19,0,0,44.6,,
1.011,655,0,15,0,0,44.5,,
1.08,658,0,15,0,0,44.8,,
1.15,658,0,15,0,0,44.8,,
1.22,658,0,15,0,0,44.8,,
1.289,652,0,20,0,0,44.2,,
1.359,651,0,20,0,0,44.1,,
1.429,654,0,16,0,0,44.4,,
1.499,651,0,16,0,0,44.1,,
1.568,645,0,17,0,0,43.5,,
1.638,643,0,16,0,0,43.3,,
1.707,642,0,16,0,0,43.2,,
1.777,639,0,17,0,0,42.9,,
1.847,637,0,16,0,0,42.7,,
1.917,633,0,16,0,0,42.3,,
1.986,628,0,17,0,0,41.8,,
2.056,623,0,17,0,0,41.3,,
2.125,616,0,18,0,0,40.6,,
2.195,615,0,18,0,0,40.5,,
2.265,608,0,18,0,0,39.8,,
2.334,601,0,19,0,0,39.1,,
2.404,589,0,20,0,0,37.9,,
2.474,581,0,20,0,0,37.1,,
2.543,573,0,19,0,0,36.3,,
2.613,571,0,19,0,0,36.1,,
2.682,568,0,18,0,0,35.8,,
2.752,566,0,18,0,0,35.6,,
2.822,563,0,18,0,0,35.3,,
2.892,566,0,18,0,0,35.6,,
2.961,572,0,17,0,0,36.2,,
3.031,572,0,18,0,0,36.2,,
3.1,572,0,17,0,0,36.2,,
3.17,571,0,17,0,0,36.1,,
3.24,572,0,17,0,0,36.2,,
3.31,573,0,17,0,0,36.3,,
3.379,572,0,17,0,0,36.2,,
3.449,574,0,19,0,0,36.4,,
3.518,576,0,19,0,0,36.6,,
3.589,574,0,19,0,0,36.4,,
3.658,576,0,19,0,0,36.6,,
3.728,576,0,18,0,0,36.6,,
3.797,577,0,19,0,0,36.7,,
3.867,575,0,19,0,0,36.5,,
3.937,573,0,19,0,0,36.3,,
4.006,571,0,17,0,0,36.1,,
4.076,571,0,19,0,0,36.1,,
4.146,568,0,19,0,0,35.8,,
4.215,564,0,18,0,0,35.4,,
4.285,558,0,18,0,0,34.8,,
4.356,544,0,19,0,0,33.4,,
4.424,537,0,19,0,0,32.7,,
4.494,534,0,20,0,0,32.4,,
4.563,529,0,20,0,0,31.9,,
4.633,517,0,19,0,0,30.7,,
4.703,513,0,20,0,0,30.3,,
4.772,513,0,19,0,0,30.3,,
4.842,511,0,18,0,0,30.1,,
4.911,507,0,18,0,0,29.7,,
4.982,508,0,18,0,0,29.8,,
5.051,501,0,18,0,0,29.1,,
5.121,500,0,18,0,0,29,,
5.19,498,0,18,0,0,28.8,,
5.26,497,0,18,0,0,28.7,,
5.329,494,0,18,0,0,28.4,,
5.399,492,0,19,0,0,28.2,,
5.469,487,0,19,0,0,27.7,,
5.539,482,0,19,0,0,27.2,,
5.608,477,0,19,0,0,26.7,,
5.678,474,0,19,0,0,26.4,,
5.748,473,0,19,0,0,26.3,,
5.818,464,0,19,0,0,25.4,,
5.887,460,0,20,0,0,25,,
5.957,451,0,20,0,0,24.1,,
6.026,450,0,13,0,0,24,,
6.096,438,0,13,0,0,22.8,,
6.166,431,0,14,0,0,22.1,,
6.235,418,0,14,0,0,20.8,,
6.305,412,0,15,0,0,20.2,,
6.375,393,0,16,0,0,18.3,,
6.444,383,0,17,0,0,17.3,,
6.514,374,0,18,0,0,16.4,,
6.583,364,0,18,0,0,15.4,,
6.653,348,0,20,0,0,13.8,,
6.723,341,0,21,0,0,13.1,,
6.792,334,0,21,0,0,12.4,,
6.862,325,0,21,0,0,11.5,,
6.932,310,0,20,0,0,10,,
7.001,303,0,21,0,0,9.3,,
7.071,300,0,15,0,0,9,,
7.141,296,0,16,0,0,8.6,,
7.211,281,0,17,0,0,7.1,,
7.28,275,0,18,0,0,6.5,,
7.35,276,0,18,0,0,6.6,,
7.42,270,0,19,0,0,6,,
7.49,261,0,20,0,0,5.1,,
7.559,254,0,21,0,0,4.4,,
7.629,254,0,20,0,0,4.4,,
7.698,247,0,20,0,0,3.7,,
7.768,245,0,19,0,0,3.5,,
7.838,241,0,20,0,0,3.1,,
7.907,237,0,20,0,0,2.7,,
7.977,234,0,18,0,0,2.4,,
8.047,230,0,19,0,0,2,,
8.116,228,0,19,0,0,1.8,,
8.186,225,0,20,0,0,1.5,,
8.255,225,0,20,0,0,1.5,,
8.325,225,0,18,0,0,1.5,,
8.395,225,0,19,0,0,1.5,,
8.464,221,0,19,0,0,1.1,,
8.534,221,0,18,0,0,1.1,,
8.604,219,0,18,0,0,0.9,,
8.673,222,0,18,0,0,1.2,,
8.743,221,0,18,0,0,1.1,,
8.812,223,0,18,0,0,1.3,,
8.882,224,0,18,0,0,1.4,,
8.952,221,0,19,0,0,1.1,,
9.022,224,0,18,0,0,1.4,,
9.091,224,0,18,0,0,1.4,,
9.161,226,0,18,0,0,1.6,,
9.23,226,0,18,0,0,1.6,,
9.3,231,0,17,0,0,2.1,,
9.37,231,0,17,0,0,2.1,,
9.44,236,0,19,0,0,2.6,,
9.509,236,0,18,0,0,2.6,,
9.579,240,0,17,0,0,3,,
9.648,244,0,17,0,0,3.4,,
9.719,249,0,18,0,0,3.9,,
9.788,261,0,17,0,0,5.1,,
9.858,268,0,16,0,0,5.8,,
9.928,272,0,17,0,0,6.2,,
9.997,278,0,18,0,0,6.8,,
10.067,295,0,16,0,0,8.5,,
10.136,301,0,15,0,0,9.1,,
10.206,314,0,15,0,0,10.4,,
10.276,316,0,14,0,0,10.6,,
10.345,333,0,17,0,0,12.3,,
10.415,342,0,16,0,0,13.2,,
10.484,353,0,17,0,0,14.3,,
10.554,364,0,18,0,0,15.4,,
10.624,382,0,16,0,0,17.2,,
10.693,394,0,16,0,0,18.4,,
10.763,402,0,15,0,0,19.2,,
10.833,414,0,14,0,0,20.4,,
10.902,432,0,13,0,0,22.2,,
10.972,443,0,13,0,0,23.3,,
11.042,453,0,12,0,0,24.3,,
11.112,462,0,12,0,0,25.2,,
11.181,476,0,11,0,0,26.6,,
11.251,487,0,11,0,0,27.7,,
11.32,489,0,18,0,0,27.9,,
11.39,498,0,17,0,0,28.8,,
11.46,513,0,17,0,0,30.3,,
11.53,518,0,16,0,0,30.8,,
11.599,527,0,16,0,0,31.7,,
11.669,530,0,18,0,0,32,,
11.738,545,0,18,0,0,33.5,,
11.808,545,0,18,0,0,33.5,,
11.878,555,0,18,0,0,34.5,,
11.948,559,0,18,0,0,34.9,,
12.017,562,0,17,0,0,35.2,,
12.087,563,0,18,0,0,35.3,,
12.156,562,0,18,0,0,35.2,,
12.226,562,0,17,0,0,35.2,,
12.296,560,0,18,0,0,35,,
12.365,561,0,18,0,0,35.1,,
12.435,561,0,18,0,0,35.1,,
12.505,558,0,18,0,0,34.8,,
12.574,559,0,18,0,0,34.9,,
12.644,557,0,18,0,0,34.7,,
12.713,559,0,18,0,0,34.9,,
12.783,557,0,18,0,0,34.7,,
12.853,551,0,18,0,0,34.1,,
12.923,550,0,18,0,0,34,,
12.992,547,0,18,0,0,33.7,,
13.062,546,0,19,0,0,33.6,,
13.131,545,0,19,0,0,33.5,,
13.201,545,0,19,0,0,33.5,,
13.271,546,0,19,0,0,33.6,,
13.341,546,0,19,0,0,33.6,,
13.41,543,0,19,0,0,33.3,,
13.48,541,0,19,0,0,33.1,,
13.55,541,0,19,0,0,33.1,,
13.62,540,0,18,0,0,33,,
13.689,539,0,19,0,0,32.9,,
13.759,534,0,18,0,0,32.4,,
13.828,533,0,18,0,0,32.3,,
13.898,527,0,19,0,0,31.7,,
13.968,519,0,20,0,0,30.9,,
14.037,509,0,20,0,0,29.9,,
14.107,499,0,21,0,0,28.9,,
14.177,493,0,19,0,0,28.3,,
14.246,483,0,19,0,0,27.3,,
14.316,468,0,20,0,0,25.8,,
14.386,458,0,21,0,0,24.8,,
14.455,449,0,21,0,0,23.9,,
14.525,442,0,13,0,0,23.2,,
14.595,421,0,14,0,0,21.1,,
14.664,408,0,15,0,0,19.8,,
14.734,398,0,16,0,0,18.8,,
14.803,387,0,17,0,0,17.7,,
14.873,370,0,18,0,0,16,,
14.943,358,0,19,0,0,14.8,,
15.012,349,0,20,0,0,13.9,,
15.082,342,0,20,0,0,13.2,,
15.152,325,0,21,0,0,11.5,,
15.221,316,0,22,0,0,10.6,,
15.291,308,0,20,0,0,9.8,,
15.361,303,0,21,0,0,9.3,,
15.431,290,0,17,0,0,8,,
15.501,283,0,17,0,0,7.3,,
15.57,279,0,18,0,0,6.9,,
15.639,276,0,18,0,0,6.6,,
15.709,268,0,19,0,0,5.8,,
15.779,264,0,20,0,0,5.4,,
15.849,263,0,20,0,0,5.3,,
15.918,263,0,18,0,0,5.3,,
15.988,260,0,19,0,0,5,,
16.057,259,0,19,0,0,4.9,,
16.127,253,0,19,0,0,4.3,,
16.197,255,0,19,0,0,4.5,,
16.266,253,0,20,0,0,4.3,,
16.336,253,0,20,0,0,4.3,,
16.406,247,0,18,0,0,3.7,,
16.475,250,0,18,0,0,4,,
16.545,245,0,19,0,0,3.5,,
16.614,245,0,19,0,0,3.5,,
16.684,245,0,19,0,0,3.5,,
16.754,242,0,19,0,0,3.2,,
16.824,243,0,19,0,0,3.3,,
16.893,240,0,19,0,0,3,,
16.963,242,0,19,0,0,3.2,,
17.033,240,0,19,0,0,3,,
17.102,239,0,20,0,0,2.9,,
17.172,243,0,18,0,0,3.3,,
17.242,240,0,18,0,0,3,,
17.311,241,0,18,0,0,3.1,,
17.381,242,0,17,0,0,3.2,,
17.451,242,0,19,0,0,3.2,,
17.521,241,0,19,0,0,3.1,,
17.59,241,0,19,0,0,3.1,,
17.66,243,0,20,0,0,3.3,,
17.729,243,0,18,0,0,3.3,,
17.799,244,0,18,0,0,3.4,,
17.869,240,0,19,0,0,3,,
17.938,244,0,19,0,0,3.4,,
18.008,243,0,17,0,0,3.3,,
18.078,242,0,18,0,0,3.2,,
18.147,240,0,19,0,0,3,,
18.217,242,0,19,0,0,3.2,,
18.286,241,0,19,0,0,3.1,,
18.356,242,0,19,0,0,3.2,,
18.426,244,0,20,0,0,3.4,,
18.495,242,0,19,0,0,3.2,,
18.565,245,0,19,0,0,3.5,,
18.635,245,0,19,0,0,3.5,,
18.704,245,0,19,0,0,3.5,,
18.774,245,0,19,0,0,3.5,,
18.844,245,0,19,0,0,3.5,,
18.913,248,0,19,0,0,3.8,,
18.983,245,0,19,0,0,3.5,,
19.053,245,0,19,0,0,3.5,,
19.123,245,0,19,0,0,3.5,,
19.192,246,0,19,0,0,3.6,,
19.262,247,0,19,0,0,3.7,,
19.332,246,0,19,0,0,3.6,,
19.401,245,0,19,0,0,3.5,,
19.471,247,0,19,0,0,3.7,,
19.54,249,0,18,0,0,3.9,,
19.61,249,0,18,0,0,3.9,,
19.68,246,0,19,0,0,3.6,,
19.75,249,0,18,0,0,3.9,,
19.819,250,0,18,0,0,4,,
19.874,250,0,19,0,0,4,,
19.935,251,0,18,0,0,4.1,,
20.004,247,0,18,0,0,3.7,,
20.074,250,0,18,0,0,4,,
20.144,251,0,18,0,0,4.1,,
20.214,250,0,18,0,0,4,,
20.283,251,0,19,0,0,4.1,,
20.353,249,0,19,0,0,3.9,,
20.423,250,0,18,0,0,4,,
20.493,250,0,18,0,0,4,,
20.562,252,0,18,0,0,4.2,,
20.632,253,0,18,0,0,4.3,,
20.701,254,0,18,0,0,4.4,,
20.771,253,0,18,0,0,4.3,,
20.841,259,0,17,0,0,4.9,,
20.91,260,0,19,0,0,5,,
20.98,260,0,19,0,0,5,,
21.05,258,0,19,0,0,4.8,,
21.119,260,0,18,0,0,5,,
21.189,265,0,18,0,0,5.5,,
21.258,267,0,18,0,0,5.7,,
21.328,271,0,17,0,0,6.1,,
21.398,274,0,18,0,0,6.4,,
21.467,284,0,17,0,0,7.4,,
21.537,290,0,16,0,0,8,,
21.607,297,0,16,0,0,8.7,,
21.676,304,0,15,0,0,9.4,,
21.746,317,0,14,0,0,10.7,,
21.816,325,0,13,0,0,11.5,,
21.886,338,0,12,0,0,12.8,,
21.955,343,0,17,0,0,13.3,,
22.025,364,0,16,0,0,15.4,,
22.094,373,0,17,0,0,16.3,,
22.164,387,0,16,0,0,17.7,,
22.234,394,0,15,0,0,18.4,,
22.304,407,0,15,0,0,19.7,,
22.373,431,0,13,0,0,22.1,,
22.443,443,0,12,0,0,23.3,,
22.512,456,0,12,0,0,24.6,,
22.582,467,0,12,0,0,25.7,,
22.652,493,0,10,0,0,28.3,,
22.722,507,0,10,0,0,29.7,,
22.791,513,0,17,0,0,30.3,,
22.861,527,0,16,0,0,31.7,,
22.93,547,0,17,0,0,33.7,,
23,552,0,17,0,0,34.2,,
23.07,566,0,17,0,0,35.6,,
23.139,574,0,17,0,0,36.4,,
23.209,591,0,18,0,0,38.1,,
23.279,598,0,18,0,0,38.8,,
23.348,607,0,18,0,0,39.7,,
23.418,613,0,18,0,0,40.3,,
23.487,628,0,17,0,0,41.8,,
23.557,632,0,17,0,0,42.2,,
23.627,642,0,16,0,0,43.2,,
23.697,645,0,16,0,0,43.5,,
23.766,661,0,15,0,0,45.1,,
23.836,658,0,15,0,0,44.8,,
23.905,660,0,16,0,0,45,,
23.975,661,0,15,0,0,45.1,,
24.045,663,0,16,0,0,45.3,,
24.115,660,0,16,0,0,45,,
24.184,659,0,16,0,0,44.9,,
24.254,656,0,16,0,0,44.6,,
24.324,652,0,16,0,0,44.2,,
24.394,650,0,16,0,0,44,,
24.463,648,0,16,0,0,43.8,,
24.533,646,0,16,0,0,43.6,,
24.602,642,0,17,0,0,43.2,,
24.672,642,0,17,0,0,43.2,,
24.742,640,0,17,0,0,43,,
24.811,638,0,17,0,0,42.8,,
24.881,635,0,17,0,0,42.5,,
24.951,630,0,17,0,0,42,,
25.02,628,0,17,0,0,41.8,,
25.09,626,0,18,0,0,41.6,,
25.161,619,0,18,0,0,40.9,,
25.229,621,0,18,0,0,41.1,,
25.299,618,0,17,0,0,40.8,,
25.368,616,0,18,0,0,40.6,,
25.438,611,0,18,0,0,40.1,,
25.508,610,0,18,0,0,40,,
25.577,606,0,18,0,0,39.6,,
25.647,607,0,19,0,0,39.7,,
25.717,601,0,18,0,0,39.1,,
25.786,594,0,19,0,0,38.4,,
25.856,591,0,20,0,0,38.1,,
25.926,586,0,19,0,0,37.6,,
25.995,583,0,19,0,0,37.3,,
26.065,574,0,17,0,0,36.4,,
26.135,571,0,17,0,0,36.1,,
26.205,567,0,18,0,0,35.7,,
26.274,561,0,18,0,0,35.1,,
26.344,549,0,19,0,0,33.9,,
26.413,543,0,19,0,0,33.3,,
26.483,540,0,19,0,0,33,,
26.553,536,0,19,0,0,32.6,,
26.623,524,0,19,0,0,31.4,,
26.692,516,0,20,0,0,30.6,,
26.762,514,0,20,0,0,30.4,,
26.831,508,0,18,0,0,29.8,,
26.901,499,0,18,0,0,28.9,,
26.971,494,0,19,0,0,28.4,,
27.04,490,0,19,0,0,28,,
27.11,483,0,19,0,0,27.3,,
27.18,473,0,20,0,0,26.3,,
27.249,470,0,20,0,0,26,,
27.319,466,0,19,0,0,25.6,,
27.388,462,0,20,0,0,25.2,,
27.458,461,0,12,0,0,25.1,,
27.528,454,0,12,0,0,24.4,,
27.597,453,0,13,0,0,24.3,,
27.667,446,0,13,0,0,23.6,,
27.737,440,0,13,0,0,23,,
27.807,433,0,13,0,0,22.3,,
27.877,433,0,14,0,0,22.3,,
27.946,425,0,14,0,0,21.5,,
28.016,418,0,14,0,0,20.8,,
28.085,413,0,15,0,0,20.3,,
28.155,410,0,15,0,0,20,,
28.225,406,0,15,0,0,19.6,,
28.295,394,0,16,0,0,18.4,,
28.364,393,0,16,0,0,18.3,,
28.434,386,0,16,0,0,17.6,,
28.503,385,0,17,0,0,17.5,,
28.573,373,0,17,0,0,16.3,,
28.643,367,0,18,0,0,15.7,,
28.712,362,0,18,0,0,15.2,,
28.782,355,0,20,0,0,14.5,,
28.852,342,0,20,0,0,13.2,,
28.921,334,0,19,0,0,12.4,,
28.991,329,0,20,0,0,11.9,,
29.06,324,0,20,0,0,11.4,,
29.131,314,0,20,0,0,10.4,,
29.2,309,0,20,0,0,9.9,,
29.269,305,0,21,0,0,9.5,,
29.339,304,0,15,0,0,9.4,,
29.409,302,0,16,0,0,9.2,,
29.478,292,0,17,0,0,8.2,,
29.548,287,0,17,0,0,7.7,,
29.618,287,0,17,0,0,7.7,,
29.688,283,0,17,0,0,7.3,,
29.757,282,0,18,0,0,7.2,,
29.827,278,0,18,0,0,6.8,,
29.896,274,0,18,0,0,6.4,,
29.967,273,0,19,0,0,6.3,,
30.036,269,0,19,0,0,5.9,,
30.106,267,0,19,0,0,5.7,,
30.175,265,0,20,0,0,5.5,,
30.245,262,0,20,0,0,5.2,,
30.315,261,0,19,0,0,5.1,,
30.384,256,0,19,0,0,4.6,,
30.454,259,0,19,0,0,4.9,,
30.524,257,0,19,0,0,4.7,,
30.593,255,0,19,0,0,4.5,,
30.663,253,0,19,0,0,4.3,,
30.734,254,0,20,0,0,4.4,,
30.802,255,0,20,0,0,4.5,,
30.872,249,0,19,0,0,3.9,,
30.941,249,0,19,0,0,3.9,,
31.011,249,0,19,0,0,3.9,,
31.081,246,0,19,0,0,3.6,,
31.15,244,0,19,0,0,3.4,,
31.22,243,0,20,0,0,3.3,,
31.29,243,0,20,0,0,3.3,,
31.36,243,0,18,0,0,3.3,,
31.429,240,0,18,0,0,3,,
31.499,238,0,19,0,0,2.8,,
31.568,238,0,19,0,0,2.8,,
31.638,235,0,18,0,0,2.5,,
31.707,231,0,19,0,0,2.1,,
31.778,229,0,19,0,0,1.9,,
31.847,229,0,19,0,0,1.9,,
31.917,229,0,19,0,0,1.9,,
31.986,230,0,20,0,0,2,,
32.056,228,0,20,0,0,1.8,,
32.126,230,0,17,0,0,2,,
32.196,230,0,17,0,0,2,,
32.265,228,0,19,0,0,1.8,,
32.335,229,0,19,0,0,1.9,,
32.404,232,0,19,0,0,2.2,,
32.474,234,0,19,0,0,2.4,,
32.544,236,0,18,0,0,2.6,,
32.613,235,0,18,0,0,2.5,,
32.683,238,0,18,0,0,2.8,,
32.753,238,0,18,0,0,2.8,,
32.822,243,0,18,0,0,3.3,,
32.892,242,0,18,0,0,3.2,,
32.961,244,0,18,0,0,3.4,,
33.031,241,0,18,0,0,3.1,,
33.101,242,0,18,0,0,3.2,,
33.17,243,0,17,0,0,3.3,,
33.24,243,0,18,0,0,3.3,,
33.312,243,0,19,0,0,3.3,,
33.379,245,0,18,0,0,3.5,,
33.449,242,0,18,0,0,3.2,,
33.519,241,0,18,0,0,3.1,,
33.589,243,0,19,0,0,3.3,,
33.658,244,0,18,0,0,3.4,,
33.728,245,0,19,0,0,3.5,,
33.798,245,0,19,0,0,3.5,,
33.867,244,0,19,0,0,3.4,,
33.937,245,0,19,0,0,3.5,,
34.007,243,0,19,0,0,3.3,,
34.076,243,0,19,0,0,3.3,,
34.146,244,0,20,0,0,3.4,,
34.215,241,0,19,0,0,3.1,,
34.285,239,0,20,0,0,2.9,,
34.355,240,0,20,0,0,3,,
34.425,238,0,18,0,0,2.8,,
34.494,234,0,18,0,0,2.4,,
34.564,239,0,19,0,0,2.9,,
34.633,236,0,19,0,0,2.6,,
34.703,234,0,19,0,0,2.4,,
34.773,231,0,19,0,0,2.1,,
34.842,230,0,20,0,0,2,,
34.912,226,0,20,0,0,1.6,,
34.982,222,0,18,0,0,1.2,,
35.051,225,0,18,0,0,1.5,,
35.121,222,0,19,0,0,1.2,,
35.19,219,0,19,0,0,0.9,,
35.26,216,0,19,0,0,0.6,,
35.33,217,0,19,0,0,0.7,,
35.399,219,0,19,0,0,0.9,,
35.469,219,0,19,0,0,0.9,,
35.539,222,0,19,0,0,1.2,,
35.608,222,0,18,0,0,1.2,,
35.678,229,0,17,0,0,1.9,,
35.748,234,0,17,0,0,2.4,,
35.818,240,0,18,0,0,3,,
35.887,245,0,17,0,0,3.5,,
35.957,263,0,17,0,0,5.3,,
36.026,269,0,17,0,0,5.9,,
36.097,279,0,16,0,0,6.9,,
36.166,290,0,17,0,0,8,,
36.236,310,0,14,0,0,10,,
36.306,324,0,14,0,0,11.4,,
36.375,336,0,13,0,0,12.6,,
36.445,347,0,16,0,0,13.7,,
36.514,372,0,17,0,0,16.2,,
36.584,384,0,16,0,0,17.4,,
36.654,399,0,16,0,0,18.9,,
36.723,411,0,15,0,0,20.1,,
36.793,427,0,14,0,0,21.7,,
36.862,451,0,12,0,0,24.1,,
36.932,466,0,12,0,0,25.6,,
37.002,478,0,11,0,0,26.8,,
37.071,484,0,17,0,0,27.4,,
37.141,510,0,17,0,0,30,,
37.211,520,0,16,0,0,31,,
37.28,529,0,16,0,0,31.9,,
37.35,539,0,18,0,0,32.9,,
37.419,557,0,17,0,0,34.7,,
37.489,567,0,17,0,0,35.7,,
37.559,579,0,17,0,0,36.9,,
37.629,589,0,17,0,0,37.9,,
37.698,605,0,17,0,0,39.5,,
37.768,613,0,17,0,0,40.3,,
37.837,619,0,18,0,0,40.9,,
37.908,623,0,17,0,0,41.3,,
37.977,629,0,17,0,0,41.9,,
38.047,634,0,17,0,0,42.4,,
38.117,635,0,17,0,0,42.5,,
38.186,641,0,17,0,0,43.1,,
38.256,640,0,17,0,0,43,,
38.326,642,0,17,0,0,43.2,,
38.395,637,0,17,0,0,42.7,,
38.465,634,0,17,0,0,42.4,,
38.534,634,0,17,0,0,42.4,,
38.604,631,0,17,0,0,42.1,,
38.674,626,0,18,0,0,41.6,,
38.743,625,0,17,0,0,41.5,,
38.813,623,0,18,0,0,41.3,,
38.883,616,0,18,0,0,40.6,,
38.952,614,0,18,0,0,40.4,,
39.022,610,0,19,0,0,40,,
39.091,597,0,19,0,0,38.7,,
39.161,594,0,19,0,0,38.4,,
39.231,588,0,19,0,0,37.8,,
39.3,580,0,19,0,0,37,,
39.37,569,0,18,0,0,35.9,,
39.44,561,0,18,0,0,35.1,,
39.509,554,0,19,0,0,34.4,,
39.579,546,0,19,0,0,33.6,,
39.649,531,0,20,0,0,32.1,,
39.719,521,0,19,0,0,31.1,,
39.788,511,0,19,0,0,30.1,,
39.858,507,0,18,0,0,29.7,,
39.927,488,0,19,0,0,27.8,,
39.998,481,0,20,0,0,27.1,,
40.067,471,0,20,0,0,26.1,,
40.137,468,0,19,0,0,25.8,,
40.206,447,0,20,0,0,23.7,,
40.276,439,0,13,0,0,22.9,,
40.346,425,0,14,0,0,21.5,,
40.415,415,0,15,0,0,20.5,,
40.485,406,0,15,0,0,19.6,,
40.555,386,0,17,0,0,17.6,,
40.624,374,0,17,0,0,16.4,,
40.694,365,0,19,0,0,15.5,,
40.763,357,0,19,0,0,14.7,,
40.833,340,0,20,0,0,13,,
40.903,329,0,21,0,0,11.9,,
40.972,324,0,21,0,0,11.4,,
41.042,318,0,20,0,0,10.8,,
41.112,309,0,15,0,0,9.9,,
41.181,308,0,15,0,0,9.8,,
41.251,301,0,16,0,0,9.1,,
41.321,299,0,16,0,0,8.9,,
41.39,289,0,17,0,0,7.9,,
41.46,284,0,17,0,0,7.4,,
41.53,277,0,18,0,0,6.7,,
41.599,276,0,18,0,0,6.6,,
41.669,265,0,19,0,0,5.5,,
41.739,262,0,20,0,0,5.2,,
41.808,259,0,21,0,0,4.9,,
41.879,260,0,19,0,0,5,,
41.948,250,0,20,0,0,4,,
42.017,248,0,20,0,0,3.8,,
42.087,246,0,19,0,0,3.6,,
42.157,246,0,19,0,0,3.6,,
42.227,244,0,19,0,0,3.4,,
42.296,244,0,19,0,0,3.4,,
42.366,245,0,19,0,0,3.5,,
42.435,241,0,20,0,0,3.1,,
42.505,239,0,18,0,0,2.9,,
42.575,240,0,18,0,0,3,,
42.644,238,0,19,0,0,2.8,,
42.714,237,0,19,0,0,2.7,,
42.784,235,0,19,0,0,2.5,,
42.853,234,0,19,0,0,2.4,,
42.923,231,0,19,0,0,2.1,,
42.992,232,0,19,0,0,2.2,,
43.062,232,0,19,0,0,2.2,,
43.132,230,0,19,0,0,2,,
43.202,233,0,19,0,0,2.3,,
43.271,229,0,19,0,0,1.9,,
43.341,232,0,19,0,0,2.2,,
43.41,231,0,19,0,0,2.1,,
43.48,236,0,19,0,0,2.6,,
43.55,236,0,19,0,0,2.6,,
43.619,235,0,19,0,0,2.5,,
43.689,233,0,19,0,0,2.3,,
43.759,234,0,18,0,0,2.4,,
43.828,236,0,19,0,0,2.6,,
43.898,234,0,19,0,0,2.4,,
43.968,236,0,18,0,0,2.6,,
44.038,237,0,19,0,0,2.7,,
44.107,235,0,18,0,0,2.5,,
44.177,238,0,18,0,0,2.8,,
44.246,236,0,18,0,0,2.6,,
44.316,239,0,19,0,0,2.9,,
44.386,237,0,18,0,0,2.7,,
44.456,238,0,18,0,0,2.8,,
44.525,239,0,18,0,0,2.9,,
44.595,239,0,18,0,0,2.9,,
44.664,237,0,19,0,0,2.7,,
44.734,237,0,18,0,0,2.7,,
44.804,236,0,19,0,0,2.6,,
44.873,237,0,19,0,0,2.7,,
44.943,234,0,19,0,0,2.4,,
45.013,231,0,19,0,0,2.1,,
45.082,231,0,19,0,0,2.1,,
45.152,231,0,19,0,0,2.1,,
45.222,229,0,19,0,0,1.9,,
45.291,228,0,20,0,0,1.8,,
45.361,228,0,18,0,0,1.8,,
45.431,228,0,18,0,0,1.8,,
45.5,226,0,18,0,0,1.6,,
45.57,226,0,18,0,0,1.6,,
45.64,225,0,18,0,0,1.5,,
45.71,225,0,18,0,0,1.5,,
45.779,223,0,18,0,0,1.3,,
45.849,224,0,18,0,0,1.4,,
45.918,224,0,18,0,0,1.4,,
45.988,228,0,18,0,0,1.8,,
46.058,225,0,18,0,0,1.5,,
46.128,229,0,18,0,0,1.9,,
46.197,232,0,17,0,0,2.2,,
46.267,234,0,17,0,0,2.4,,
46.336,240,0,18,0,0,3,,
46.406,240,0,18,0,0,3,,
46.476,244,0,17,0,0,3.4,,
46.545,251,0,17,0,0,4.1,,
46.615,255,0,18,0,0,4.5,,
46.685,260,0,17,0,0,5,,
46.754,272,0,17,0,0,6.2,,
46.824,277,0,18,0,0,6.7,,
46.893,286,0,17,0,0,7.6,,
46.963,296,0,16,0,0,8.6,,
47.033,306,0,15,0,0,9.6,,
47.102,313,0,14,0,0,10.3,,
47.172,322,0,14,0,0,11.2,,
47.242,331,0,13,0,0,12.1,,
47.311,335,0,17,0,0,12.5,,
47.381,354,0,18,0,0,14.4,,
47.452,360,0,17,0,0,15,,
47.52,370,0,17,0,0,16,,
47.59,381,0,17,0,0,17.1,,
47.66,402,0,15,0,0,19.2,,
47.729,412,0,15,0,0,20.2,,
47.8,428,0,14,0,0,21.8,,
47.869,437,0,13,0,0,22.7,,
47.939,460,0,12,0,0,25,,
48.008,468,0,11,0,0,25.8,,
48.078,480,0,11,0,0,27,,
48.148,490,0,17,0,0,28,,
48.217,513,0,17,0,0,30.3,,
48.287,524,0,16,0,0,31.4,,
48.357,538,0,16,0,0,32.8,,
48.426,545,0,17,0,0,33.5,,
48.496,564,0,17,0,0,35.4,,
48.565,573,0,17,0,0,36.3,,
48.635,582,0,17,0,0,37.2,,
48.705,591,0,16,0,0,38.1,,
48.774,605,0,18,0,0,39.5,,
48.844,609,0,18,0,0,39.9,,
48.914,617,0,18,0,0,40.7,,
48.983,622,0,17,0,0,41.2,,
49.053,633,0,16,1,0,42.3,,
49.123,642,0,17,0,0,43.2,,
49.192,651,0,16,1,0,44.1,,
49.262,651,0,16,1,0,44.1,,
49.331,656,0,16,1,0,44.6,,
49.401,655,0,16,0,0,44.5,,
49.471,653,0,16,0,0,44.3,,
49.54,650,0,16,1,0,44,,
49.611,647,0,17,0,0,43.7,,
49.68,640,0,17,0,0,43,,
49.75,637,0,17,1,0,42.7,,
49.819,633,0,17,0,0,42.3,,
49.889,626,0,18,0,0,41.6,,
49.959,623,0,17,1,0,41.3,,
50.029,618,0,18,0,0,40.8,,
50.098,614,0,18,0,0,40.4,,
50.168,604,0,19,0,0,39.4,,
50.237,593,0,19,0,0,38.3,,
50.307,588,0,19,0,0,37.8,,
50.377,584,0,20,0,0,37.4,,
50.446,571,0,17,0,0,36.1,,
50.516,565,0,18,0,0,35.5,,
50.586,559,0,18,0,0,34.9,,
50.655,551,0,19,0,0,34.1,,
50.725,540,0,19,0,0,33,,
50.794,532,0,19,0,0,32.2,,
50.864,525,0,20,0,0,31.5,,
50.934,524,0,19,0,0,31.4,,
51.003,516,0,19,0,0,30.6,,
51.073,507,0,18,0,0,29.7,,
51.143,502,0,18,0,0,29.2,,
51.212,495,0,18,0,0,28.5,,
51.283,485,0,19,0,0,27.5,,
51.352,474,0,20,0,0,26.4,,
51.422,470,0,20,0,0,26,,
51.491,462,0,20,0,0,25.2,,
51.561,460,0,20,0,0,25,,
51.63,450,0,13,0,0,24,,
51.701,446,0,13,0,0,23.6,,
51.77,435,0,13,0,0,22.5,,
51.84,429,0,14,0,0,21.9,,
51.909,412,0,15,0,0,20.2,,
51.979,409,0,15,0,0,19.9,,
52.049,400,0,15,0,0,19,,
52.118,393,0,16,0,0,18.3,,
52.188,382,0,17,0,0,17.2,,
52.258,376,0,18,0,0,16.6,,
52.327,372,0,18,0,0,16.2,,
52.397,363,0,18,0,0,15.3,,
52.466,352,0,19,0,0,14.2,,
52.536,347,0,20,0,0,13.7,,
52.606,343,0,20,0,0,13.3,,
52.675,338,0,19,0,0,12.8,,
52.745,329,0,20,0,0,11.9,,
52.815,323,0,21,0,0,11.3,,
52.884,316,0,20,0,0,10.6,,
52.954,313,0,20,0,0,10.3,,
53.025,305,0,15,0,0,9.5,,
53.093,301,0,15,0,0,9.1,,
53.163,297,0,16,0,0,8.7,,
53.233,291,0,17,0,0,8.1,,
53.305,281,0,18,0,0,7.1,,
53.372,273,0,18,0,0,6.3,,
53.441,270,0,19,0,0,6,,
53.512,265,0,20,0,0,5.5,,
53.581,255,0,20,0,0,4.5,,
53.651,254,0,18,0,0,4.4,,
53.72,246,0,19,0,0,3.6,,
53.79,245,0,19,0,0,3.5,,
53.86,240,0,20,0,0,3,,
53.93,240,0,18,0,0,3,,
53.999,237,0,18,0,0,2.7,,
54.069,237,0,18,0,0,2.7,,
54.138,235,0,19,0,0,2.5,,
54.208,232,0,19,0,0,2.2,,
54.278,232,0,19,0,0,2.2,,
54.347,230,0,19,0,0,2,,
54.417,227,0,19,0,0,1.7,,
54.487,226,0,17,0,0,1.6,,
54.556,226,0,18,0,0,1.6,,
54.626,224,0,20,0,0,1.4,,
54.695,224,0,18,0,0,1.4,,
54.765,223,0,18,0,0,1.3,,
54.835,222,0,19,0,0,1.2,,
54.904,220,0,19,0,0,1,,
54.974,223,0,19,0,0,1.3,,
55.044,220,0,19,0,0,1,,
55.113,219,0,19,0,0,0.9,,
55.183,218,0,19,0,0,0.8,,
55.253,219,0,19,0,0,0.9,,
55.322,220,0,19,0,0,1,,
55.392,220,0,19,0,0,1,,
55.462,221,0,19,0,0,1.1,,
55.531,219,0,19,0,0,0.9,,
55.602,224,0,19,0,0,1.4,,
55.671,220,0,19,0,0,1,,
55.741,221,0,19,0,0,1.1,,
55.81,221,0,19,0,0,1.1,,
55.88,220,0,18,0,0,1,,
55.95,223,0,19,0,0,1.3,,
56.019,221,0,19,0,0,1.1,,
56.089,223,0,19,0,0,1.3,,
56.159,223,0,18,0,0,1.3,,
56.228,223,0,18,0,0,1.3,,
56.298,224,0,18,0,0,1.4,,
56.367,224,0,18,0,0,1.4,,
56.437,225,0,18,0,0,1.5,,
56.507,229,0,18,0,0,1.9,,
56.576,228,0,18,0,0,1.8,,
56.646,231,0,18,0,0,2.1,,
56.716,234,0,17,0,0,2.4,,
56.785,237,0,16,0,0,2.7,,
56.855,242,0,18,0,0,3.2,,
56.925,244,0,17,0,0,3.4,,
56.994,247,0,19,0,0,3.7,,
57.064,254,0,18,0,0,4.4,,
57.134,258,0,17,0,0,4.8,,
57.203,261,0,17,0,0,5.1,,
57.273,278,0,17,0,0,6.8,,
57.342,286,0,17,0,0,7.6,,
57.412,288,0,17,0,0,7.8,,
57.482,296,0,16,0,0,8.6,,
57.552,308,0,15,0,0,9.8,,
57.621,320,0,14,0,0,11,,
57.691,329,0,13,0,0,11.9,,
57.76,338,0,12,0,0,12.8,,
57.831,356,0,17,0,0,14.6,,
57.9,364,0,18,0,0,15.4,,
57.97,377,0,17,0,0,16.7,,
58.039,387,0,16,0,0,17.7,,
58.109,398,0,15,0,0,18.8,,
58.179,422,0,14,0,0,21.2,,
58.248,435,0,13,0,0,22.5,,
58.318,447,0,12,0,0,23.7,,
58.388,459,0,12,0,0,24.9,,
58.457,484,0,11,0,0,27.4,,
58.527,497,0,10,0,0,28.7,,
58.598,499,0,17,0,0,28.9,,
58.666,510,0,17,0,0,30,,
58.736,530,0,16,0,0,32,,
58.805,539,0,16,0,0,32.9,,
58.875,547,0,18,0,0,33.7,,
58.945,551,0,18,0,0,34.1,,
59.014,568,0,18,0,0,35.8,,
59.084,577,0,17,0,0,36.7,,
59.154,579,0,17,0,0,36.9,,
59.224,589,0,16,0,0,37.9,,
59.293,593,0,18,0,0,38.3,,
59.363,598,0,18,0,0,38.8,,
59.432,597,0,18,0,0,38.7,,
59.502,599,0,18,0,0,38.9,,
59.572,599,0,19,0,0,38.9,,
59.642,599,0,19,0,0,38.9,,
59.711,596,0,18,0,0,38.6,,
59.781,595,0,19,0,0,38.5,,
59.85,590,0,18,0,0,38,,
59.92,594,0,19,0,0,38.4,,
59.99,590,0,19,0,0,38,,
60.06,594,0,18,0,0,38.4,,
60.129,589,0,18,0,0,37.9,,
60.199,588,0,19,0,0,37.8,,
60.268,584,0,19,0,0,37.4,,
60.338,581,0,19,0,0,37.1,,
60.408,578,0,19,0,0,36.8,,
60.477,579,0,19,0,0,36.9,,
60.547,574,0,19,0,0,36.4,,
60.617,572,0,17,0,0,36.2,,
60.686,567,0,18,0,0,35.7,,
60.756,563,0,18,0,0,35.3,,
60.825,557,0,18,0,0,34.7,,
60.895,552,0,18,0,0,34.2,,
60.965,544,0,19,0,0,33.4,,
61.034,536,0,19,0,0,32.6,,
61.104,534,0,19,0,0,32.4,,
61.174,530,0,19,0,0,32,,
61.243,512,0,20,0,0,30.2,,
61.313,506,0,18,0,0,29.6,,
61.383,500,0,18,0,0,29,,
61.453,494,0,19,0,0,28.4,,
61.522,487,0,20,0,0,27.7,,
61.592,474,0,20,0,0,26.4,,
61.662,463,0,20,0,0,25.3,,
61.732,458,0,19,0,0,24.8,,
61.801,448,0,20,0,0,23.8,,
61.871,442,0,13,0,0,23.2,,
61.94,435,0,14,0,0,22.5,,
62.01,428,0,14,0,0,21.8,,
62.08,423,0,14,0,0,21.3,,
62.149,409,0,15,0,0,19.9,,
62.219,401,0,16,0,0,19.1,,
62.289,395,0,16,0,0,18.5,,
62.358,389,0,16,0,0,17.9,,
62.428,374,0,18,0,0,16.4,,
62.497,365,0,18,0,0,15.5,,
62.567,358,0,19,0,0,14.8,,
62.637,349,0,20,0,0,13.9,,
62.706,334,0,20,0,0,12.4,,
62.776,329,0,21,0,0,11.9,,
62.846,322,0,20,0,0,11.2,,
62.915,316,0,20,0,0,10.6,,
62.985,306,0,15,0,0,9.6,,
63.055,301,0,16,0,0,9.1,,
63.125,297,0,16,0,0,8.7,,
63.194,294,0,16,0,0,8.4,,
63.264,286,0,17,0,0,7.6,,
63.333,286,0,17,0,0,7.6,,
63.403,282,0,17,0,0,7.2,,
63.473,280,0,18,0,0,7,,
63.543,280,0,18,0,0,7,,
63.612,277,0,18,0,0,6.7,,
63.682,272,0,19,0,0,6.2,,
63.751,270,0,19,0,0,6,,
63.821,263,0,20,0,0,5.3,,
63.891,262,0,20,0,0,5.2,,
63.961,256,0,19,0,0,4.6,,
64.03,256,0,19,0,0,4.6,,
64.1,251,0,20,0,0,4.1,,
64.171,245,0,19,0,0,3.5,,
64.239,245,0,19,0,0,3.5,,
64.309,242,0,20,0,0,3.2,,
64.378,236,0,20,0,0,2.6,,
64.448,239,0,19,0,0,2.9,,
64.518,236,0,19,0,0,2.6,,
64.587,231,0,19,0,0,2.1,,
64.657,227,0,20,0,0,1.7,,
64.726,230,0,18,0,0,2,,
64.796,229,0,18,0,0,1.9,,
64.866,223,0,18,0,0,1.3,,
64.935,223,0,18,0,0,1.3,,
65.005,224,0,18,0,0,1.4,,
65.075,223,0,19,0,0,1.3,,
65.144,222,0,19,0,0,1.2,,
65.215,221,0,19,0,0,1.1,,
65.284,221,0,19,0,0,1.1,,
65.354,221,0,19,0,0,1.1,,
65.423,223,0,19,0,0,1.3,,
65.493,225,0,19,0,0,1.5,,
65.562,223,0,19,0,0,1.3,,
65.633,221,0,19,0,0,1.1,,
65.702,223,0,19,0,0,1.3,,
65.772,223,0,18,0,0,1.3,,
65.841,225,0,18,0,0,1.5,,
65.911,225,0,18,0,0,1.5,,
65.981,225,0,18,0,0,1.5,,
66.05,225,0,18,0,0,1.5,,
66.12,226,0,18,0,0,1.6,,
66.19,226,0,18,0,0,1.6,,
66.259,224,0,18,0,0,1.4,,
66.329,224,0,18,0,0,1.4,,
66.398,225,0,18,0,0,1.5,,
66.468,227,0,18,0,0,1.7,,
66.538,225,0,18,0,0,1.5,,
66.607,223,0,18,0,0,1.3,,
66.677,226,0,18,0,0,1.6,,
66.747,222,0,18,0,0,1.2,,
66.816,223,0,18,0,0,1.3,,
66.886,226,0,18,0,0,1.6,,
66.956,225,0,18,0,0,1.5,,
67.025,231,0,18,0,0,2.1,,
67.095,231,0,17,0,0,2.1,,
67.165,233,0,17,0,0,2.3,,
67.234,241,0,18,0,0,3.1,,
67.304,246,0,17,0,0,3.6,,
67.373,253,0,17,0,0,4.3,,
67.444,256,0,17,0,0,4.6,,
67.513,270,0,17,0,0,6,,
67.583,277,0,17,0,0,6.7,,
67.653,286,0,17,0,0,7.6,,
67.722,297,0,16,0,0,8.7,,
67.792,320,0,14,0,0,11,,
67.862,332,0,13,0,0,12.2,,
67.931,347,0,12,0,0,13.7,,
68.001,357,0,16,0,0,14.7,,
68.071,391,0,16,0,0,18.1,,
68.14,403,0,15,0,0,19.3,,
68.21,419,0,14,0,0,20.9,,
68.279,437,0,13,0,0,22.7,,
68.349,449,0,13,0,0,23.9,,
68.419,476,0,11,0,0,26.6,,
68.488,491,0,10,0,0,28.1,,
68.558,496,0,18,0,0,28.6,,
68.627,506,0,17,0,0,29.6,,
68.697,525,0,16,0,0,31.5,,
68.767,534,0,16,0,0,32.4,,
68.836,539,0,18,0,0,32.9,,
68.906,544,0,18,0,0,33.4,,
68.976,552,0,18,0,0,34.2,,
69.045,557,0,18,0,0,34.7,,
69.115,558,0,18,0,0,34.8,,
69.185,558,0,18,0,0,34.8,,
69.254,566,0,18,0,0,35.6,,
69.324,564,0,18,0,0,35.4,,
69.394,565,0,18,0,0,35.5,,
69.463,565,0,17,0,0,35.5,,
69.533,566,0,18,0,0,35.6,,
69.602,566,0,18,0,0,35.6,,
69.673,566,0,18,0,0,35.6,,
69.743,564,0,18,0,0,35.4,,
69.812,560,0,18,0,0,35,,
69.881,560,0,19,0,0,35,,
69.951,559,0,18,0,0,34.9,,
70.021,556,0,19,0,0,34.6,,
70.091,554,0,19,0,0,34.4,,
70.16,551,0,19,0,0,34.1,,
70.23,547,0,18,0,0,33.7,,
70.299,544,0,19,0,0,33.4,,
70.369,538,0,19,0,0,32.8,,
70.439,531,0,19,0,0,32.1,,
70.508,529,0,19,0,0,31.9,,
70.578,527,0,19,0,0,31.7,,
70.648,522,0,19,0,0,31.2,,
70.717,516,0,20,0,0,30.6,,
70.787,511,0,17,0,0,30.1,,
70.856,503,0,18,0,0,29.3,,
70.926,493,0,19,0,0,28.3,,
70.996,485,0,19,0,0,27.5,,
71.065,477,0,20,0,0,26.7,,
71.135,472,0,19,0,0,26.2,,
71.205,460,0,20,0,0,25,,
71.274,458,0,12,0,0,24.8,,
71.344,448,0,13,0,0,23.8,,
71.414,439,0,13,0,0,22.9,,
71.484,422,0,14,0,0,21.2,,
71.553,413,0,15,0,0,20.3,,
71.623,408,0,15,0,0,19.8,,
71.692,401,0,16,0,0,19.1,,
71.763,394,0,17,0,0,18.4,,
71.832,375,0,18,0,0,16.5,,
71.902,364,0,18,0,0,15.4,,
71.971,355,0,19,0,0,14.5,,
72.041,349,0,20,0,0,13.9,,
72.111,333,0,21,0,0,12.3,,
72.18,325,0,22,0,0,11.5,,
72.25,323,0,20,0,0,11.3,,
72.32,312,0,20,0,0,10.2,,
72.389,303,0,16,0,0,9.3,,
72.459,294,0,16,0,0,8.4,,
72.528,291,0,17,0,0,8.1,,
72.598,288,0,17,0,0,7.8,,
72.668,271,0,19,0,0,6.1,,
72.737,265,0,20,0,0,5.5,,
72.807,258,0,21,0,0,4.8,,
72.877,252,0,20,0,0,4.2,,
72.946,246,0,20,0,0,3.6,,
73.016,240,0,20,0,0,3,,
73.086,237,0,19,0,0,2.7,,
73.156,232,0,19,0,0,2.2,,
73.225,226,0,20,0,0,1.6,,
73.295,222,0,20,0,0,1.2,,
73.364,225,0,19,0,0,1.5,,
73.435,221,0,19,0,0,1.1,,
73.503,217,0,19,0,0,0.7,,
73.574,219,0,19,0,0,0.9,,
73.643,223,0,9,0,0,1.3,,
73.713,217,0,20,0,0,0.7,,
73.782,227,0,9,0,0,1.7,,
73.852,228,0,8,0,0,1.8,,
73.922,227,0,8,0,0,1.7,,
73.992,218,0,19,0,0,0.8,,
74.061,216,0,19,0,0,0.6,,
74.131,218,0,19,0,0,0.8,,
74.2,218,0,19,0,0,0.8,,
74.27,217,0,19,0,0,0.7,,
74.34,221,0,19,0,0,1.1,,
74.409,219,0,18,0,0,0.9,,
74.479,224,0,19,0,0,1.4,,
74.549,222,0,19,0,0,1.2,,
74.618,222,0,19,0,0,1.2,,
74.688,226,0,18,0,0,1.6,,
74.76,228,0,18,0,0,1.8,,
74.827,231,0,18,0,0,2.1,,
74.897,233,0,17,0,0,2.3,,
74.967,235,0,19,0,0,2.5,,
75.036,235,0,18,0,0,2.5,,
75.106,238,0,18,0,0,2.8,,
75.175,245,0,18,0,0,3.5,,
75.245,245,0,19,0,0,3.5,,
75.316,245,0,18,0,0,3.5,,
75.385,253,0,19,0,0,4.3,,
75.454,251,0,18,0,0,4.1,,
75.524,261,0,17,0,0,5.1,,
75.593,262,0,17,0,0,5.2,,
75.664,262,0,18,0,0,5.2,,
75.733,266,0,18,0,0,5.6,,
75.803,267,0,18,0,0,5.7,,
75.872,269,0,18,0,0,5.9,,
75.942,268,0,18,0,0,5.8,,
76.012,269,0,19,0,0,5.9,,
76.081,265,0,20,0,0,5.5,,
76.151,262,0,20,0,0,5.2,,
76.221,258,0,19,0,0,4.8,,
76.29,259,0,20,0,0,4.9,,
76.36,247,0,19,0,0,3.7,,
76.429,245,0,20,0,0,3.5,,
76.499,243,0,20,0,0,3.3,,
76.569,238,0,18,0,0,2.8,,
76.638,234,0,19,0,0,2.4,,
76.708,230,0,19,0,0,2,,
76.778,227,0,20,0,0,1.7,,
76.847,225,0,20,0,0,1.5,,
76.917,228,0,18,0,0,1.8,,
76.987,225,0,18,0,0,1.5,,
77.056,228,0,18,0,0,1.8,,
77.126,230,0,17,0,0,2,,
77.196,242,0,18,0,0,3.2,,
77.265,245,0,17,0,0,3.5,,
77.335,251,0,17,0,0,4.1,,
77.404,260,0,17,0,0,5,,
77.475,269,0,17,0,0,5.9,,
77.544,275,0,17,0,0,6.5,,
77.614,285,0,17,0,0,7.5,,
77.684,294,0,16,0,0,8.4,,
77.753,307,0,15,0,0,9.7,,
77.823,315,0,14,0,0,10.5,,
77.893,323,0,14,0,0,11.3,,
77.962,330,0,13,0,0,12,,
78.032,334,0,18,0,0,12.4,,
78.101,333,0,19,0,0,12.3,,
78.171,332,0,19,0,0,12.2,,
78.241,330,0,19,0,0,12,,
78.31,325,0,20,0,0,11.5,,
78.38,320,0,19,0,0,11,,
78.45,313,0,20,0,0,10.3,,
78.519,308,0,21,0,0,9.8,,
78.589,305,0,16,0,0,9.5,,
78.659,290,0,17,0,0,8,,
78.728,281,0,18,0,0,7.1,,
78.798,274,0,19,0,0,6.4,,
78.868,265,0,20,0,0,5.5,,
78.937,253,0,20,0,0,4.3,,
79.007,247,0,21,0,0,3.7,,
79.076,245,0,20,0,0,3.5,,
79.147,237,0,21,0,0,2.7,,
79.216,232,0,20,0,0,2.2,,
79.286,228,0,20,0,0,1.8,,
79.356,226,0,18,0,0,1.6,,
79.425,222,0,18,0,0,1.2,,
79.495,223,0,18,0,0,1.3,,
79.565,224,0,18,0,0,1.4,,
79.634,225,0,18,0,0,1.5,,
79.704,226,0,18,0,0,1.6,,
79.773,232,0,17,0,0,2.2,,
79.843,233,0,17,0,0,2.3,,
79.913,232,0,19,0,0,2.2,,
79.982,234,0,19,0,0,2.4,,
80.052,238,0,18,0,0,2.8,,
80.122,243,0,18,0,0,3.3,,
80.191,245,0,18,0,0,3.5,,
80.261,247,0,17,0,0,3.7,,
80.33,249,0,18,0,0,3.9,,
80.4,253,0,18,0,0,4.3,,
80.47,256,0,18,0,0,4.6,,
80.539,263,0,17,0,0,5.3,,
80.609,269,0,18,0,0,5.9,,
80.679,276,0,17,0,0,6.6,,
80.748,277,0,18,0,0,6.7,,
80.818,281,0,17,0,0,7.1,,
80.889,290,0,17,0,0,8,,
80.957,291,0,16,0,0,8.1,,
81.027,297,0,16,0,0,8.7,,
81.097,301,0,15,0,0,9.1,,
81.166,312,0,14,0,0,10.2,,
81.236,316,0,14,0,0,10.6,,
81.305,322,0,14,0,0,11.2,,
81.376,329,0,13,0,0,11.9,,
81.447,338,0,17,0,0,12.8,,
81.515,347,0,17,0,0,13.7,,
81.585,350,0,18,0,0,14,,
81.654,355,0,17,0,0,14.5,,
81.724,359,0,18,0,0,14.9,,
81.794,365,0,18,0,0,15.5,,
81.863,373,0,18,0,0,16.3,,
81.933,378,0,17,0,0,16.8,,
82.002,379,0,17,0,0,16.9,,
82.072,392,0,16,0,0,18.2,,
82.142,394,0,16,0,0,18.4,,
82.211,401,0,16,0,0,19.1,,
82.281,408,0,15,0,0,19.8,,
82.351,424,0,14,0,0,21.4,,
82.42,434,0,13,0,0,22.4,,
82.49,446,0,13,0,0,23.6,,
82.559,459,0,12,0,0,24.9,,
82.629,480,0,11,0,0,27,,
82.699,487,0,10,0,0,27.7,,
82.768,494,0,17,0,0,28.4,,
82.838,505,0,18,0,0,29.5,,
82.908,528,0,16,0,0,31.8,,
82.977,534,0,16,0,0,32.4,,
83.047,545,0,18,0,0,33.5,,
83.117,554,0,17,0,0,34.4,,
83.187,570,0,17,0,0,36,,
83.256,582,0,17,0,0,37.2,,
83.326,592,0,17,0,0,38.2,,
83.395,595,0,16,0,0,38.5,,
83.465,600,0,18,0,0,39,,
83.535,606,0,18,0,0,39.6,,
83.605,604,0,18,0,0,39.4,,
83.674,605,0,18,0,0,39.5,,
83.744,605,0,19,0,0,39.5,,
83.814,602,0,19,0,0,39.2,,
83.883,602,0,18,0,0,39.2,,
83.953,600,0,19,0,0,39,,
84.023,592,0,19,0,0,38.2,,
84.092,594,0,19,0,0,38.4,,
84.162,592,0,19,0,0,38.2,,
84.231,593,0,18,0,0,38.3,,
84.301,588,0,18,0,0,37.8,,
84.371,586,0,20,0,0,37.6,,
84.44,582,0,19,0,0,37.2,,
84.51,581,0,19,0,0,37.1,,
84.58,573,0,20,0,0,36.3,,
84.649,571,0,17,0,0,36.1,,
84.719,571,0,18,0,0,36.1,,
84.789,567,0,18,0,0,35.7,,
84.858,562,0,18,0,0,35.2,,
84.928,557,0,18,0,0,34.7,,
84.998,551,0,19,0,0,34.1,,
85.067,544,0,19,0,0,33.4,,
85.138,542,0,19,0,0,33.2,,
85.206,532,0,19,0,0,32.2,,
85.276,526,0,20,0,0,31.6,,
85.346,520,0,20,0,0,31,,
85.416,516,0,18,0,0,30.6,,
85.485,504,0,18,0,0,29.4,,
85.555,496,0,19,0,0,28.6,,
85.625,488,0,20,0,0,27.8,,
85.695,477,0,20,0,0,26.7,,
85.764,459,0,21,0,0,24.9,,
85.834,446,0,22,0,0,23.6,,
85.903,444,0,14,0,0,23.4,,
85.973,429,0,14,0,0,21.9,,
86.043,405,0,16,0,0,19.5,,
86.112,392,0,16,0,0,18.2,,
86.182,380,0,17,0,0,17,,
86.252,369,0,18,0,0,15.9,,
86.321,348,0,21,0,0,13.8,,
86.391,335,0,22,0,0,12.5,,
86.462,326,0,21,0,0,11.6,,
86.53,318,0,21,0,0,10.8,,
86.6,302,0,16,0,0,9.2,,
86.67,294,0,17,0,0,8.4,,
86.739,287,0,17,0,0,7.7,,
86.809,280,0,18,0,0,7,,
86.878,269,0,19,0,0,5.9,,
86.948,262,0,20,0,0,5.2,,
87.018,258,0,19,0,0,4.8,,
87.088,253,0,20,0,0,4.3,,
87.157,247,0,19,0,0,3.7,,
87.227,245,0,19,0,0,3.5,,
87.296,244,0,20,0,0,3.4,,
87.366,242,0,19,0,0,3.2,,
87.436,241,0,19,0,0,3.1,,
87.506,242,0,19,0,0,3.2,,
87.575,240,0,19,0,0,3,,
87.645,244,0,18,0,0,3.4,,
87.714,241,0,18,0,0,3.1,,
87.784,242,0,18,0,0,3.2,,
87.854,244,0,18,0,0,3.4,,
87.924,245,0,18,0,0,3.5,,
87.993,241,0,18,0,0,3.1,,
88.063,242,0,18,0,0,3.2,,
88.135,241,0,18,0,0,3.1,,
88.202,244,0,18,0,0,3.4,,
88.272,242,0,18,0,0,3.2,,
88.341,242,0,17,0,0,3.2,,
88.411,244,0,18,0,0,3.4,,
88.481,243,0,19,0,0,3.3,,
88.55,243,0,18,0,0,3.3,,
88.62,245,0,20,0,0,3.5,,
88.689,243,0,19,0,0,3.3,,
88.76,245,0,17,0,0,3.5,,
88.829,246,0,19,0,0,3.6,,
88.899,245,0,20,0,0,3.5,,
88.968,247,0,19,0,0,3.7,,
89.038,245,0,19,0,0,3.5,,
89.107,247,0,19,0,0,3.7,,
89.177,246,0,19,0,0,3.6,,
89.247,247,0,19,0,0,3.7,,
89.317,249,0,18,0,0,3.9,,
89.387,251,0,19,0,0,4.1,,
89.456,249,0,18,0,0,3.9,,
89.526,255,0,18,0,0,4.5,,
89.596,258,0,17,0,0,4.8,,
89.665,264,0,17,0,0,5.4,,
89.735,276,0,17,0,0,6.6,,
89.804,286,0,16,0,0,7.6,,
89.874,290,0,16,0,0,8,,
89.944,299,0,15,0,0,8.9,,
90.013,317,0,14,0,0,10.7,,
90.083,328,0,13,0,0,11.8,,
90.153,335,0,17,0,0,12.5,,
90.222,348,0,16,0,0,13.8,,
90.292,367,0,17,0,0,15.7,,
90.361,380,0,16,0,0,17,,
90.431,395,0,16,0,0,18.5,,
90.501,404,0,15,0,0,19.4,,
90.57,428,0,14,0,0,21.8,,
90.64,441,0,13,0,0,23.1,,
90.71,455,0,12,0,0,24.5,,
90.779,465,0,12,0,0,25.5,,
90.849,486,0,11,0,0,27.6,,
90.919,492,0,17,0,0,28.2,,
90.989,504,0,17,0,0,29.4,,
91.058,510,0,17,0,0,30,,
91.128,528,0,16,0,0,31.8,,
91.198,535,0,18,0,0,32.5,,
91.268,546,0,18,0,0,33.6,,
91.337,551,0,18,0,0,34.1,,
91.407,571,0,17,0,0,36.1,,
91.476,579,0,17,0,0,36.9,,
91.546,586,0,17,0,0,37.6,,
91.616,593,0,16,0,0,38.3,,
91.685,594,0,18,0,0,38.4,,
91.755,598,0,18,0,0,38.8,,
91.825,604,0,19,0,0,39.4,,
91.894,602,0,18,0,0,39.2,,
91.964,606,0,18,0,0,39.6,,
92.042,604,0,18,0,0,39.4,,
92.103,603,0,18,0,0,39.3,,
92.173,601,0,19,0,0,39.1,,
92.242,601,0,18,0,0,39.1,,
92.312,598,0,19,0,0,38.8,,
92.382,592,0,19,0,0,38.2,,
92.451,587,0,19,0,0,37.7,,
92.521,585,0,19,0,0,37.5,,
92.59,574,0,19,0,0,36.4,,
92.661,565,0,19,0,0,35.5,,
92.73,557,0,18,0,0,34.7,,
92.8,549,0,19,0,0,33.9,,
92.869,534,0,20,0,0,32.4,,
92.939,523,0,20,0,0,31.3,,
93.008,513,0,20,0,0,30.3,,
93.079,504,0,20,0,0,29.4,,
93.148,486,0,19,0,0,27.6,,
93.218,479,0,20,0,0,26.9,,
93.287,469,0,20,0,0,25.9,,
93.357,462,0,20,0,0,25.2,,
93.427,447,0,13,0,0,23.7,,
93.497,437,0,14,0,0,22.7,,
93.566,427,0,14,0,0,21.7,,
93.636,416,0,15,0,0,20.6,,
93.705,397,0,16,0,0,18.7,,
93.775,384,0,17,0,0,17.4,,
93.845,375,0,18,0,0,16.5,,
93.914,364,0,18,0,0,15.4,,
93.984,350,0,20,0,0,14,,
94.054,341,0,21,0,0,13.1,,
94.123,335,0,20,0,0,12.5,,
94.193,326,0,21,0,0,11.6,,
94.262,313,0,20,0,0,10.3,,
94.332,309,0,15,0,0,9.9,,
94.402,299,0,16,0,0,8.9,,
94.471,293,0,17,0,0,8.3,,
94.541,281,0,18,0,0,7.1,,
94.611,275,0,19,0,0,6.5,,
94.68,265,0,19,0,0,5.5,,
94.753,260,0,20,0,0,5,,
94.82,254,0,20,0,0,4.4,,
94.89,249,0,19,0,0,3.9,,
94.959,247,0,19,0,0,3.7,,
95.029,245,0,20,0,0,3.5,,
95.099,237,0,20,0,0,2.7,,
95.168,234,0,19,0,0,2.4,,
95.238,230,0,19,0,0,2,,
95.308,230,0,19,0,0,2,,
95.377,225,0,20,0,0,1.5,,
95.447,223,0,19,0,0,1.3,,
95.517,225,0,19,0,0,1.5,,
95.586,220,0,18,0,0,1,,
95.656,222,0,19,0,0,1.2,,
95.726,222,0,19,0,0,1.2,,
95.795,220,0,19,0,0,1,,
95.865,222,0,19,0,0,1.2,,
95.934,224,0,19,0,0,1.4,,
96.004,226,0,18,0,0,1.6,,
96.074,229,0,18,0,0,1.9,,
96.143,231,0,17,0,0,2.1,,
96.213,234,0,17,0,0,2.4,,
96.283,236,0,18,0,0,2.6,,
96.352,241,0,18,0,0,3.1,,
96.422,244,0,18,0,0,3.4,,
96.492,245,0,17,0,0,3.5,,
96.561,256,0,18,0,0,4.6,,
96.631,265,0,17,0,0,5.5,,
96.701,268,0,17,0,0,5.8,,
96.77,278,0,16,0,0,6.8,,
96.84,299,0,16,0,0,8.9,,
96.909,304,0,15,0,0,9.4,,
96.98,313,0,14,0,0,10.3,,
97.049,323,0,14,0,0,11.3,,
97.119,343,0,16,0,0,13.3,,
97.188,359,0,16,0,0,14.9,,
97.258,372,0,17,0,0,16.2,,
97.328,383,0,17,0,0,17.3,,
97.398,410,0,15,0,0,20,,
97.467,429,0,14,0,0,21.9,,
97.537,442,0,13,0,0,23.2,,
97.608,461,0,12,0,0,25.1,,
97.676,492,0,11,0,0,28.2,,
97.746,499,0,18,0,0,28.9,,
97.815,509,0,17,0,0,29.9,,
97.885,520,0,17,0,0,31,,
97.955,542,0,15,0,0,33.2,,
98.024,552,0,18,0,0,34.2,,
98.094,566,0,18,0,0,35.6,,
98.163,574,0,17,0,0,36.4,,
98.233,582,0,17,0,0,37.2,,
98.303,593,0,16,0,0,38.3,,
98.372,602,0,16,0,0,39.2,,
98.442,606,0,18,0,0,39.6,,
98.512,606,0,18,0,0,39.6,,
98.581,608,0,18,0,0,39.8,,
98.651,607,0,18,0,0,39.7,,
98.721,610,0,18,0,0,40,,
98.791,607,0,19,0,0,39.7,,
98.86,606,0,18,0,0,39.6,,
98.93,607,0,18,0,0,39.7,,
98.999,601,0,19,0,0,39.1,,
99.07,601,0,19,0,0,39.1,,
99.139,596,0,18,0,0,38.6,,
99.209,595,0,19,0,0,38.5,,
99.278,589,0,19,0,0,37.9,,
99.348,589,0,19,0,0,37.9,,
99.418,580,0,19,0,0,37,,
99.487,575,0,19,0,0,36.5,,
99.557,574,0,19,0,0,36.4,,
99.627,571,0,18,0,0,36.1,,
99.696,559,0,19,0,0,34.9,,
99.766,552,0,19,0,0,34.2,,
99.835,545,0,19,0,0,33.5,,
99.905,537,0,19,0,0,32.7,,
99.975,526,0,19,0,0,31.6,,
100.044,520,0,20,0,0,31,,
100.114,516,0,17,0,0,30.6,,
100.184,506,0,18,0,0,29.6,,
100.253,490,0,19,0,0,28,,
100.323,483,0,20,0,0,27.3,,
100.393,477,0,20,0,0,26.7,,
100.462,470,0,19,0,0,26,,
100.532,460,0,20,0,0,25,,
100.602,454,0,20,0,0,24.4,,
100.671,450,0,13,0,0,24,,
100.742,445,0,13,0,0,23.5,,
100.81,429,0,14,0,0,21.9,,
100.881,423,0,14,0,0,21.3,,
100.95,417,0,15,0,0,20.7,,
101.02,408,0,15,0,0,19.8,,
101.089,397,0,16,0,0,18.7,,
101.159,389,0,17,0,0,17.9,,
101.228,390,0,17,0,0,18,,
101.299,378,0,17,0,0,16.8,,
101.368,374,0,17,0,0,16.4,,
101.438,361,0,19,0,0,15.1,,
101.507,355,0,20,0,0,14.5,,
101.577,348,0,20,0,0,13.8,,
101.647,343,0,20,0,0,13.3,,
101.716,333,0,20,0,0,12.3,,
101.786,326,0,21,0,0,11.6,,
101.856,322,0,20,0,0,11.2,,
101.925,320,0,20,0,0,11,,
101.995,308,0,21,0,0,9.8,,
102.064,305,0,21,0,0,9.5,,
102.134,300,0,15,0,0,9,,
102.204,299,0,16,0,0,8.9,,
102.273,289,0,17,0,0,7.9,,
102.343,287,0,17,0,0,7.7,,
102.413,282,0,18,0,0,7.2,,
102.482,280,0,18,0,0,7,,
102.552,277,0,18,0,0,6.7,,
102.622,278,0,18,0,0,6.8,,
102.692,275,0,19,0,0,6.5,,
102.761,278,0,18,0,0,6.8,,
102.831,275,0,19,0,0,6.5,,
102.9,271,0,18,0,0,6.1,,
102.97,272,0,19,0,0,6.2,,
103.04,270,0,19,0,0,6,,
103.11,276,0,18,0,0,6.6,,
103.181,275,0,18,0,0,6.5,,
103.249,273,0,18,0,0,6.3,,
103.318,276,0,18,0,0,6.6,,
103.388,278,0,18,0,0,6.8,,
103.458,283,0,17,0,0,7.3,,
103.528,289,0,17,0,0,7.9,,
103.597,290,0,16,0,0,8,,
103.667,300,0,15,0,0,9,,
103.736,308,0,15,0,0,9.8,,
103.806,315,0,14,0,0,10.5,,
103.876,325,0,14,0,0,11.5,,
103.945,340,0,17,0,0,13,,
104.015,348,0,18,0,0,13.8,,
104.085,359,0,17,0,0,14.9,,
104.154,371,0,17,0,0,16.1,,
104.224,396,0,16,0,0,18.6,,
104.293,410,0,15,0,0,20,,
104.364,419,0,14,0,0,20.9,,
104.433,436,0,13,0,0,22.6,,
104.503,458,0,12,0,0,24.8,,
104.572,470,0,11,0,0,26,,
104.642,479,0,11,0,0,26.9,,
104.711,485,0,18,0,0,27.5,,
104.781,497,0,17,0,0,28.7,,
104.853,517,0,17,0,0,30.7,,
104.921,527,0,16,0,0,31.7,,
104.99,537,0,16,0,0,32.7,,
105.06,547,0,17,0,0,33.7,,
105.13,562,0,18,0,0,35.2,,
105.199,570,0,17,0,0,36,,
105.269,572,0,18,0,0,36.2,,
105.339,576,0,17,0,0,36.6,,
105.408,589,0,17,0,0,37.9,,
105.478,593,0,17,0,0,38.3,,
105.548,594,0,18,0,0,38.4,,
105.617,600,0,18,0,0,39,,
105.687,599,0,19,0,0,38.9,,
105.757,601,0,19,0,0,39.1,,
105.826,600,0,18,0,0,39,,
105.896,600,0,18,0,0,39,,
105.965,600,0,19,0,0,39,,
106.035,596,0,19,0,0,38.6,,
106.105,593,0,18,0,0,38.3,,
106.174,592,0,19,0,0,38.2,,
106.244,584,0,19,0,0,37.4,,
106.314,582,0,19,0,0,37.2,,
106.383,580,0,19,0,0,37,,
106.453,575,0,18,0,0,36.5,,
106.522,562,0,19,0,0,35.2,,
106.593,559,0,18,0,0,34.9,,
106.662,556,0,19,0,0,34.6,,
106.732,547,0,19,0,0,33.7,,
106.802,537,0,20,0,0,32.7,,
106.871,529,0,20,0,0,31.9,,
106.94,519,0,20,0,0,30.9,,
107.011,516,0,19,0,0,30.6,,
107.08,505,0,18,0,0,29.5,,
107.15,498,0,18,0,0,28.8,,
107.22,493,0,19,0,0,28.3,,
107.289,485,0,20,0,0,27.5,,
107.359,469,0,20,0,0,25.9,,
107.429,464,0,19,0,0,25.4,,
107.498,458,0,19,0,0,24.8,,
107.568,455,0,20,0,0,24.5,,
107.637,443,0,13,0,0,23.3,,
107.707,439,0,13,0,0,22.9,,
107.777,430,0,14,0,0,22,,
107.846,420,0,14,0,0,21,,
107.916,416,0,15,0,0,20.6,,
107.986,396,0,16,0,0,18.6,,
108.055,391,0,16,0,0,18.1,,
108.125,382,0,17,0,0,17.2,,
108.194,368,0,18,0,0,15.8,,
108.267,348,0,20,0,0,13.8,,
108.334,342,0,21,0,0,13.2,,
108.404,329,0,21,0,0,11.9,,
108.473,319,0,22,0,0,10.9,,
108.543,303,0,16,0,0,9.3,,
108.612,297,0,17,0,0,8.7,,
108.682,285,0,17,0,0,7.5,,
108.753,280,0,18,0,0,7,,
108.821,267,0,20,0,0,5.7,,
108.891,260,0,20,0,0,5,,
108.961,257,0,20,0,0,4.7,,
109.03,249,0,20,0,0,3.9,,
109.1,245,0,19,0,0,3.5,,
109.17,239,0,20,0,0,2.9,,
109.24,239,0,20,0,0,2.9,,
109.309,236,0,19,0,0,2.6,,
109.379,228,0,19,0,0,1.8,,
109.449,226,0,20,0,0,1.6,,
109.518,226,0,20,0,0,1.6,,
109.588,228,0,18,0,0,1.8,,
109.658,229,0,18,0,0,1.9,,
109.727,231,0,18,0,0,2.1,,
109.797,231,0,17,0,0,2.1,,
109.866,232,0,17,0,0,2.2,,
109.936,234,0,19,0,0,2.4,,
110.006,233,0,18,0,0,2.3,,
110.076,240,0,18,0,0,3,,
110.145,239,0,18,0,0,2.9,,
110.215,242,0,18,0,0,3.2,,
110.284,242,0,17,0,0,3.2,,
110.354,247,0,19,0,0,3.7,,
110.424,252,0,18,0,0,4.2,,
110.493,261,0,17,0,0,5.1,,
110.563,268,0,18,0,0,5.8,,
110.633,274,0,17,0,0,6.4,,
110.702,281,0,16,0,0,7.1,,
110.772,299,0,16,0,0,8.9,,
110.842,303,0,15,0,0,9.3,,
110.912,315,0,14,0,0,10.5,,
110.981,325,0,13,0,0,11.5,,
111.051,343,0,17,0,0,13.3,,
111.12,359,0,11,0,0,14.9,,
111.19,374,0,10,0,0,16.4,,
111.26,382,0,16,0,0,17.2,,
111.33,392,0,16,0,0,18.2,,
111.399,424,0,14,0,0,21.4,,
111.469,434,0,13,0,0,22.4,,
111.54,446,0,13,0,0,23.6,,
111.608,462,0,12,0,0,25.2,,
111.678,482,0,11,0,0,27.2,,
111.747,494,0,11,0,0,28.4,,
111.817,502,0,17,0,0,29.2,,
111.887,506,0,17,0,0,29.6,,
111.956,530,0,16,0,0,32,,
112.026,536,0,16,0,0,32.6,,
112.095,543,0,18,0,0,33.3,,
112.166,551,0,18,0,0,34.1,,
112.235,566,0,18,0,0,35.6,,
112.305,572,0,18,0,0,36.2,,
112.374,574,0,18,0,0,36.4,,
112.444,574,0,18,0,0,36.4,,
112.513,576,0,17,0,0,36.6,,
112.583,572,0,17,0,0,36.2,,
112.653,572,0,18,0,0,36.2,,
112.723,567,0,18,0,0,35.7,,
112.792,561,0,18,0,0,35.1,,
112.862,559,0,18,0,0,34.9,,
112.931,554,0,19,0,0,34.4,,
113.001,546,0,19,0,0,33.6,,
113.071,532,0,20,0,0,32.2,,
113.141,525,0,21,0,0,31.5,,
113.21,515,0,19,0,0,30.5,,
113.28,507,0,20,0,0,29.7,,
113.35,488,0,20,0,0,27.8,,
113.419,475,0,21,0,0,26.5,,
113.489,465,0,20,0,0,25.5,,
113.559,452,0,21,0,0,24.2,,
113.628,432,0,14,0,0,22.2,,
113.698,416,0,15,0,0,20.6,,
113.767,403,0,16,0,0,19.3,,
113.837,388,0,17,0,0,17.8,,
113.907,356,0,20,0,0,14.6,,
113.976,343,0,20,0,0,13.3,,
114.046,332,0,21,0,0,12.2,,
114.116,322,0,21,0,0,11.2,,
114.185,301,0,22,0,0,9.1,,
114.255,292,0,17,0,0,8.2,,
114.326,281,0,17,0,0,7.1,,
114.394,274,0,19,0,0,6.4,,
114.464,268,0,19,0,0,5.8,,
114.534,254,0,20,0,0,4.4,,
114.603,251,0,20,0,0,4.1,,
114.673,245,0,19,0,0,3.5,,
114.742,241,0,20,0,0,3.1,,
114.813,232,0,19,0,0,2.2,,
114.882,232,0,19,0,0,2.2,,
114.954,229,0,20,0,0,1.9,,
115.021,228,0,20,0,0,1.8,,
115.091,225,0,18,0,0,1.5,,
115.161,224,0,19,0,0,1.4,,
115.231,222,0,19,0,0,1.2,,
115.3,220,0,19,0,0,1,,
115.37,220,0,19,0,0,1,,
115.439,219,0,19,0,0,0.9,,
115.509,219,0,19,0,0,0.9,,
115.579,217,0,19,0,0,0.7,,
115.648,221,0,19,0,0,1.1,,
115.718,222,0,19,0,0,1.2,,
115.788,222,0,18,0,0,1.2,,
115.857,222,0,18,0,0,1.2,,
115.927,227,0,18,0,0,1.7,,
115.996,227,0,18,0,0,1.7,,
116.066,232,0,17,0,0,2.2,,
116.118,234,0,17,0,0,2.4,,
116.182,235,0,18,0,0,2.5,,
116.252,238,0,18,0,0,2.8,,
116.322,240,0,18,0,0,3,,
116.391,243,0,18,0,0,3.3,,
116.461,245,0,17,0,0,3.5,,
116.531,248,0,18,0,0,3.8,,
116.6,259,0,17,0,0,4.9,,
116.67,267,0,16,0,0,5.7,,
116.739,273,0,17,0,0,6.3,,
116.809,281,0,16,0,0,7.1,,
116.879,304,0,15,0,0,9.4,,
116.948,315,0,14,0,0,10.5,,
117.018,328,0,13,0,0,11.8,,
117.088,347,0,12,0,0,13.7,,
117.157,373,0,16,0,0,16.3,,
117.227,390,0,15,0,0,18,,
117.298,407,0,15,0,0,19.7,,
117.366,422,0,14,0,0,21.2,,
117.436,452,0,12,0,0,24.2,,
117.506,465,0,12,0,0,25.5,,
117.575,479,0,11,0,0,26.9,,
117.645,494,0,10,0,0,28.4,,
117.714,514,0,17,0,0,30.4,,
117.785,525,0,16,0,0,31.5,,
117.854,539,0,16,0,0,32.9,,
117.924,547,0,17,0,0,33.7,,
117.993,570,0,18,0,0,36,,
118.063,576,0,17,0,0,36.6,,
118.133,586,0,17,0,0,37.6,,
118.203,590,0,18,0,0,38,,
118.272,597,0,18,0,0,38.7,,
118.342,596,0,19,0,0,38.6,,
118.413,592,0,18,0,0,38.2,,
118.481,595,0,19,0,0,38.5,,
118.551,594,0,19,0,0,38.4,,
118.62,591,0,19,0,0,38.1,,
118.69,585,0,19,0,0,37.5,,
118.76,584,0,19,0,0,37.4,,
118.829,579,0,19,0,0,36.9,,
118.899,575,0,19,0,0,36.5,,
118.968,571,0,19,0,0,36.1,,
119.038,567,0,18,0,0,35.7,,
119.108,561,0,18,0,0,35.1,,
119.177,554,0,19,0,0,34.4,,
119.247,548,0,19,0,0,33.8,,
119.317,544,0,19,0,0,33.4,,
119.386,540,0,19,0,0,33,, 
119.456,526,0,20,0,0,31.6,,
119.539,521,0,20,0,0,31.1,,
119.595,515,0,20,0,0,30.5,,
119.665,507,0,18,0,0,29.7,,
119.735,485,0,19,0,0,27.5,,
119.804,475,0,20,0,0,26.5,,
119.93,458,0,20,0,0,24.8,,
119.99,444,0,21,0,0,23.4,,
120.06,439,0,13,0,0,22.9,,
